username,response,learning_min,learning_max,learning_point_estimate,job_min,job_max,job_point_estimate
hasan_3wada,"Hasan Awada\n\nSelf-taught developers! \n\nHow much time does it take?\n11:44 AM Â· Jul 21, 2023\nÂ·\n55.1K\n Views\n19\n Retweets\n19\n Quotes\n426\n Likes\n70\n Bookmarks",,,,,,
marckohlbrugge,"Marc KÃ¶hlbrugge\n\nÂ·\n2h\nAbout a weekend, if you ask HN\n62",,,,,,
zacharybuilds,"zach\n\nÂ·\nJul 21\nDepends on how good you want to be. \n\nTook me 3-6 months to learn python for data processing. \n\nAnother few months to be able to do front end work. \n\nBut didnt build a UI that I thought was â€œacceptableâ€ for a couple of years.\n3\n43\n3,151",90.0,180.0,135.0,,,
hasan_3wada,"Hasan Awada\n\nÂ·\nJul 21\nWhat are the main challenges that you passed thru if I may ask?\n\nI know of some challenges like lack of structure and absence of feedback but would love to hear more from ya\n1\n5\n2,994",,,,,,
parsonsdotme,"James Parsons\n\nI created Topicfinder to help webmasters and content creators find blog topics that ACTUALLY have strong traffic, reasonable competition, and that you can realistically rank for. A game-changer for bloggers, agencies, and SEO pros:\ntopicfinder.com\nDiscover thousands of your competitor's best pages - fast!\n11\n5\n49\n156.9K\nPromoted",,,,,,
willthomson__,Will Thomson\n\nÂ·\n7h\n6 months to get my first developer job.\n\nI'm now 4 years in.\n\nLearning does not stop.\n1\n5\n424,,,,,,
JohnVandivier,John Vandivier\n\nÂ·\n4h\n10 years inâ€¦learning does not stop! \n132,,,,,,
AhmadBe63783797,"Ahmad Berro\n\nÂ·\nJul 21\n3-4 month you can start handling some tasks and then code start teaching you how to code\n1\n6\n2,204",,,,,,
hasan_3wada,"Hasan Awada\n\nÂ·\nJul 21\nwell, I wonder how hard it will be given all the obstacles that a self-taught developer will face.\n\nDo you think those challenges are easy to overcome?\n1\n3\n2,102",,,,,,
TerryWBlanchard,"Terry W Blanchard\n\nÂ·\n23h\nSelf-taught developers!\nThey are the best developers, because they had the passion to pursue on own without any assistance...but Youtube!\n2\n1\n13\n1,809",,,,,,
hasan_3wada,"Hasan Awada\n\nÂ·\n21h\nSo youre not one of them? \n1\n3\n1,608",,,,,,
AuthorLeishman,"Author A M Leishman\n\nÂ·\nJul 21\nHow much time?... All of it?\n1\n7\n2,217",,,,,,
hasan_3wada,"Hasan Awada\n\nÂ·\n21h\nHow much time it takes for someone to become ready for to get the first job in the field?\n1\n4\n2,199",,,,,,
Gauri_the_great,"Gauri Tripathi\n\nÂ·\nJul 21\nNever ending process, something new everyday\n1\n16\n1,573",,,,,,
parsonsdotme,"James Parsons\n\nI created Topicfinder to help webmasters and content creators find blog topics that ACTUALLY have strong traffic, reasonable competition, and that you can realistically rank for. A game-changer for bloggers, agencies, and SEO pros:\n0:01 / 1:00\ntopicfinder.com\nDiscover thousands of your competitor's best pages - fast!\n11\n5\n49\n156.9K\nPromoted",,,,,,
hasan_3wada,"Hasan Awada\n\nÂ·\nJul 21\nI confirm \n1\n1,385",,,,,,
brianmmdev,Brian Morrison II \n\nÂ·\n3h\nAll of it. At least at the beginning.\n19,,,,,,
nsjames_,"Nathan James\n\nÂ·\n4h\n0 days\n\nHere's a hack:\n\nGo do some free dev work on https://reddit.com/r/slavelabour/\n\nYou don't need any experience, and can learn as you go\nreddit.com\nr/slavelabour\n1\n1\n199",0.0,0.0,0.0,0.0,0.0,0.0
Martin_Adams,"Martin Adams | Building Flowtelic\n\nÂ·\n3h\n10,000 hours. Not because it takes that long, but if you enjoy it, youll spend that time over years building things.\n\nYoull make things like your own comment library, youre own frameworks, youll try to invent things through code. Youll try to use code to solve problems thatâ€¦Show more\n3\n119",,,,,,
dks__,"Deep Kamal Singh\n\nÂ·\n2h\nHeres my recipe, fr any new language u wanna learn write these programs,its okay to copy paste as long as u understand running program code line by line\n1. basics - all fundamental vars(int,long,float,double,array,struct/dict,lists) branching(if-else, switch case,goto) andâ€¦Show more\n4",,,,,,
iamgune,"\n\nÂ·\n6h\nA lifetime.\n\nBut seriously, you dont wake up one day and youve made it. Always something new to learn. Just pick a direction and start learning.\n1\n354",,,,,,
emiko_dev,"Emiko.dev \n\nÂ·\n14h\nAt least 6 months to get the basics, then another 6 months to equip with skills, another 6 months to train DSA to get a job \n15\n811",,,,180.0,180.0,180.0
jjordanwade,Jordan Wade\n\nÂ·\n3h\nIt is a journey of constant learning.\n\nGetting a job can happen at any point.\n\nOne thing I wish I did earlier is share my journey and learnings online.\n1\n4\n105,,,,,,
forgoification,"ForgoTV\n\nÂ·\n5h\nThe much bigger problem is deciding where to specialize IMO.  \nIts not a `you have to be an expert` kind of thing, \nIts more of a `know just enough to get paid` to become the expert kind of thing. \n\nIf you have your own vision though, it never ends, always something to add.\n3\n444",,,,,,
ewstevenson,"Eric Stevenson \n\nÂ·\n4h\nYou can be proficient and write useful things in a few months, but the learning never stops.\n4\n149",,,,,,
Niweera,"Nipuna Weerasekara\n\nÂ·\n4h\nStarted learning JS from \n@traversymedia\n in 2019. \n\nLast year, I was awarded the National Best Software Quality Award.\n\nKeep learning, un-learning and re-learning.\n\nYou've got this!\n4\n113",,,,,,
iamgune,"ğ—šğ—¨ğ—¡ğ—˜\n\nÂ·\n6h\nA lifetime.\n\nBut seriously, you dont wake up one day and youve made it. Always something new to learn. Just pick a direction and start learning.\n1\n354",,,,,,
ZavionDaDon,"BrotherCodes \n\nÂ·\n2h\nDepends on how bad you want it! For me it took 14 months. And then when I got hired, I still didnt know shit lol\n7",,,,,,
AndrewJRedican,"Andrew Redican\n\nÂ·\n7h\nHow long it takes to do what?\n\nPros never stop learning, regardless of a degree or not.\n\nIn that sense, self-taught developers have a clear advantage.\n\nWe may have a chip on the shoulder if not to prove to other, to prove it to ourselves, and no student loan.\n328",,,,,,
Bitheap_tech,"Laurentiu Raducu \n\nÂ·\n12h\n2 years, constant practice at least 4 times per week.\n9\n498",,,,,,
TruthGPTBot,"Truth GPT\n\nÂ·\n5h\nAutomated\nOh, the never-ending quest of self-taught developers. It really depends on the individual. Some are coding wizards in a few months, while others are still stuck on `Hello, World!` after years. Just remember, Rome wasn't built in a day...or by someone who only watched YouTubeâ€¦Show more\n3\n153",,,,,,
krecicki,Cody Krecicki\n\nÂ·\n2h\nThe keep deprecating things so your always learning\n6,,,,,,
Akash4Why,Akash Mehta\n\nÂ·\n10h\nDepends\n\nYour first good app: 3 months\nYour first breakdown when you realize how much you really suck: 1 year\nYour actual first good app: 18 months\n1\n11\n481,,,,,,
wwwy3y3,william\n\nÂ·\n9h\n+1. It's pretty accurate.\n4\n378,,,,,,
aghlara,Arash Aghlara\n\nÂ·\n4h\nTo do what? Hello world? 10 minutes.\n1\n84,,,,,,
dgleasontweets,Danny Gleason\n\nÂ·\nJul 21\nAlways learning! Maybe 6 months - 1 year to be job ready if you focus on projects and work really hard.\n1\n6\n528,,,,180.0,180.0,180.0
PaulImeson2,Paul Imeson\n\nÂ·\n8h\nHello world. Less than an hour\n\nTo know everything. More than a lifetime\n\nJust start & learn continuously\n3\n275,,,,,,
Kueez1,"Kueez\n\nThanks to these maps, we can now better understand things that were previously difficult to comprehend. \nkueez.com\nThe Most Revealing Maps That Show Us The World As It Really Is\n27\n67\n287\n1.2M\nPromoted",,,,,,
belton_joel,Joel Belton\n\nÂ·\n8h\nThis question implies there's an end to the road. Even the most senior devs are constantly learning.\n\nIf your aim is to get a particular job or build a project you have in mind - just start developing with the technologies you enjoy and you'll get there in no time.\n224,,,,,,
okchrister,"christer\n\nÂ·\n7h\n2 months to get started, 6 to get good, then years to become efficient\n3\n174",,,,,,
zwhitchcox,Zany Brainy\n\nÂ·\n6h\nWith no help? Realistically a year\n1\n67,,,,,,
RodnDjok,Sakouhi Aymen\n\nÂ·\n4h\nAround a year to reach the junior base level.\n1\n61,,,,,,
chrispian,Chrispian H. Burks\n\nÂ·\n5h\n30 years so far.\n90,,,,,,
jellyninjadev,Vlad Rimsha\n\nÂ·\n8h\nBeing a life long student is a lifestyle.\n196,,,,,,
Jacobyclarke,Jacoby Clarke\n\nÂ·\n2h\nAs long as you want it to,,,,,,
Ifeanyiwills,Ifeanyi Williamchi\n\nÂ·\n9h\nLet me count the years and get back to you please.\n233,,,,,,
patsnacks,"Patrick\n\nÂ·\n8h\nA lifetime, the learning never stops\n147",,,,,,
heyimsunflower,imri\n\nÂ·\n23h\nIt never ends\n8\n317,,,,,,
rob_stemp,"Rob Stemp\n\nÂ·\n6h\n35 years,  and still learning..\n111",,,,,,
Raadest,Nick de Raad\n\nÂ·\n10h\nWhat are you trying to build?\n225,,,,,,
ByteAndBarbell,Piotr GÃ³rski\n\nÂ·\n5h\nStill learning to this day\n64,,,,,,
0x_nando,Nando\n\nÂ·\n5h\nIt never ends \n2\n110,,,,,,
ivanbuncic,Ivan BunÄiÄ‡\n\nÂ·\n4h\n36 years.\n40,,,,,,
AndreyPersidsky,Andrey Persidsky\n\nÂ·\n8h\nToo f*** long   worth it!\n119,,,,,,
erdem__zengin,Erdem Zengin\n\nÂ·\n2h\nNever ends\n12,,,,,,
AzuLa9713,Nilesh Viduranga\n\nÂ·\n4h\nYes.\n46,,,,,,
drago999765,Bentario \n\nÂ·\n5h\n@ReplyGPT\n1\n52,,,,,,
ReplyGPT,"Shing ha\n\nÂ·\n5h\nAutomated\n@hasan_3wada\n Oh, just a couple of hours. You'll be coding like a pro in no time. \n48",,,,,,
joselws9,"Jose\n\nÂ·\n7h\nIt took me a bit more than a year. If I've had some sort of mentorship, it would've probably taken me half the time. I juggled learning many unnecessary things that weren't needed for my current job anyways, thinking it was the right thing to do.\n1\n1\n66",,,,,,
aziontech,"Azion\n\nYou can perform the entire process of deploying, managing, and updating edge functions with just a few commands. \n\nSee how to install and run Azion's CLI and check out our documentation to learn more about our platform. Â» https://hubs.li/Q01WwbPp0?twclid=2-l7a6e0xgiyl8eubknjtuvxuc\n\n#Azion #AzionForDevs #CLI\n2\n2\n51K\nPromoted",,,,,,
rahulsde,"Rahul Gupta\n\nÂ·\n8h\n2 years if you are in exploring mode, I tried various languages, DSA, app development, data science. Before settling on Full Stack Javascript Development.\n\nIf someone is set on a goal it will take less.\n2\n68",,,,,,
davdev1400,"DavDev\n\nÂ·\n10h\nIt took me 8 months to to learn html, css javascript, and React then land my 1st internship. Then they and  i realized i know those stuffs basically but i'm and not good at them so they are making me start all over again by doing just integration with html and tailwind.\n1\n95",240.0,240.0,240.0,,,
emetisuccess,"etitiMfon\n\nÂ·\n8h\nIt takes man, going back and forth without knowing what you are really doing, neither did u understand what's going on if the code didn't run. Making stackoverflow ur best friend for solving errors. But I really appreciate myself now, cos I've learnt alot.\n1\n1\n2\n104",,,,,,
DarioZadro,Dario Zadro\n\nÂ·\n4h\nThe basics? Weeks. To master? A lifetime.\n2\n16,,,,,,
ManasviSareen,Manasvi Sareen\n\nÂ·\n12h\nForever.\n\n But you start to get a hang of productive code in 6 months or less.\n You understand what other's code do in 2 years.\nYou start to get hold of practical patterns in 5 years.\nYou start to accept your failure (wrong designs) in 10 years.\n1\n1\n106,180.0,180.0,180.0,,,
_cgutierr,"Carlos GutiÃ©rrez \n\nÂ·\n7h\nWhen I learnt C/C# and then Java/Kotlin took me more than a year to fully understand what I was doing, even then I didn't fully understood pointers and memory allocation until way later \n37",,,,,,
DavidGetter4,Dav.iota\n\nÂ·\n7h\nI managed to become a lead backend developer building for Million of customers & billions of revenue just with a 4 month Bootcamp.The first 1.5 years on the job was hell after 2.5 years I could almost do everything on my own.After 4 years Im very confident & huge responsibility.\n1\n61,,,,120.0,120.0,120.0
josephyanni,"Joseph Yanni\n\nÂ·\n4h\nThere are several Udemy courses that are more than effective in learning a new language, system, or tool. I particularly like the courses done by Maximillian Schwarzmuller or find the `Highest Rated` or `Bestseller` courses.\n12",,,,,,
joshmccoydev,"josh mccoy\n\nÂ·\n8h\ndepends on how long it takes them to start. \nthe quicker you dive in and get lost, the quicker you will be proficient.\n36",,,,,,
AIToolReport,"Martin Crowley\n\n`My boss thinks I'm an AI genius, (I'm not) it's because I read The AI Tool Report (and they have no idea it exists.)` - AI Tool Report Reader\nbeehiiv.com\nGet Smarter on AI in 3 Minutes a Day \n74\n324\n1,981\n1.4M\nPromoted",,,,,,
anudeep_2806,Anudeep Sharma (3/50)\n\nÂ·\n9h\nRobotics is a weird blend of machine learning (python) and embedded software development (C/C++). \n\nThe latter can be difficult to master syntactically while former is recommended for algorithms.\n\nSo I had to do both from scratch. It took me 1.5 years of serious effort. That's it\n71,1825.0,1825.0,1825.0,,,
SoulFireMage,Richard Griffiths\n\nÂ·\n9h\nLongee that you think because it's hard to measure when you've learnt enough to be useful in employment.\nI'm going through this again now with deep learning. I think I need about ten times what I've learnt or more. But I have no objective way to know that as each job needs 1/2\n49,,,,,,
ibrahimtechlead,"Ibrahim\n\nÂ·\n4h\nyou need 2 - 4 months to handle simple tasks.\nbut 6 - 12 months to start to know what you are doing\nafter that you need 6 months of fundamentals, and design patterns.\nand at least of 2 years of pro experience \nthen a year to transition from junior/mid into a senior role\n15",,,,,,
iHuGi,"Hugo Azevedo \n\nÂ·\n2h\n18 months for first Job & full time on Udemy, Google & SO \n\nI took my time, was during Covid everything was close there were no jobs anyway.\n22",,,,,,
TundeTimah,"Boss baby \n\nÂ·\n2h\nIt takes all the time, it only ever gets serious and real when you get your first real life job, the difference between tutorials and real life applications is massive\n6",,,,,,
mikebrow,mikebrow\n\nÂ·\n4h\nIve been learning computer science for about 46 years. I dont think I will be finished for a while yet. :-)\n22,,,,,,
OneSignor,âš¡ï¸ignor Dev\n\nÂ·\n4h\nThere's no stipulated time. Stepping out from the loop of learning and building live projects is encouraging .\n2\n12,,,,,,
wabamonsta,Jermaine\n\nÂ·\n6h\nEvery other language 3 - 6mths \n\nHowever JavaScript Id say 2mths - rest of your lifespan\n1\n19,,,,,,
MichaelDebevec,Michael Bench Debevec\n\nÂ·\n5h\nId say 3-6 months of learning and practicing to really start to understand the basics of a language. You really want that as a decent foundation before you start pushing into furthering your knowledge and start dabbling in delivering those for clients.\n1\n18,90.0,180.0,135.0,,,
L_Mario564,"Mario564\n\nÂ·\n2h\nVery broad question.\n\nAs a web dev I learned to make simple static web pages within a year, took another year to refine those skills and used that knowledge to learn React and took another year to learn backend development, and even then I'm still learning new things as of today\n1\n8",,,,,,
BritHemming,×‘×¨×™×ª / Brit\n\nÂ·\n3h\n7+ years later and Im still learning. Thats one of the beautiful things about this career. Its a life long learning journey. Theres always more to learn.\n8,,,,,,
TheStoryHub,StoryHub\n\nThese servers should've been a little more careful with what they wrote on the customer's bill. Here are 23+ incredible rude notes on receipts both from the servers and the customers.\nparentztalk.com\nOutrageous Notes on Restaurant Receipts\n19\n36\n192\n680.4K\nPromoted,,,,,,
Prateek48715814,"Prateek Jaiswal\n\nÂ·\nJul 21\nBeing from tier 2 college and non-tech student, it took me 1 year to get good at DSA  followed by web development.\nThe thing is you have to close yourself in a room and keep working until you don't get whatever skill you want to master.\n2\n97",,,,,,
abeertech01,Abeer \n\nÂ·\n11h\nIt took a lot of time. Because I didn't know so much that I made lots of mistakes\n44,,,,,,
Barigamb738,Barigamb \n\nÂ·\n5h\nFor me I've been doing this for 3+ years and I'm still learning new stuff every day. But I think 2 years is where I started to feel like I got the hang of it.\n28,,,,,,
Sn0wAlice,"Alice Sn0w â€¢á´—â€¢\n\nÂ·\n4h\n6 months if you do an online training like openclassroom, at least 3 years working 7/7 non-stop to learn to code correctly and respect yourself\n1\n26",180.0,180.0,180.0,,,
sabiqsabryy,Sabiq Sabry\n\nÂ·\n4h\n10 days for a language - another 10 for a framework in that language and another 10 for 3 side projects \n1\n10,,,,,,
RishabDugar5,"Rishab Dugar\n\nÂ·\n4h\n3-4 months with about 6 hrs practice per day. \nAssuming you work hard, get to the core of every error, and pay attention to the finer details.\n1\n10",,,,90.0,120.0,105.0
ChiragM_2015,"Chirag Mittal\n\nÂ·\nJul 21\nHTML/CSS - 1 month\nJavaScript - 2 month\nReact - 1 month+ (currently ongoing)\n\nThat puts me at around 4-5 months right now. Even though I have already mastered the concepts & syntax, I would still need more practice. \n\nSo roughly 6 months?\n1\n3\n154",,,,,,
dagoeos,Artur Haurylkevich\n\nÂ·\n5h\nafter a decade of learning/coding I'm still unemployed\n8,,,,,,
Alkaison,"Ganesh Mourya âœª\n\nÂ·\n8h\nJust self taught devs thing: tutorial length 3 hours but completed in 8 hours.  Note taking, understanding, applying, etc..\n15",,,,,,
JOE_Akir,AONDOHEMBA\n\nÂ·\n9h\n1 year of serious practice to become a front-end developer.\n28,,,,,,
Gnyasha1,Gnyasha\n\nÂ·\n8h\nJust took about 1 week using a 10 hour course  on YouTube. Had some knowledge of Ms Access so I knew about control  designs etc\n17,,,,,,
kostyakazmirukk,"ĞšĞ¾ÑÑ‚Ñ ĞšĞ°Ğ·ÑŒĞ¼Ñ–Ñ€ÑƒĞº\n\nÂ·\n6h\nIn my first year of uni, I learned beside my uni C++ courses, some base of HTML/CSS/JS/RestAPI\nSo could handle to fill up some Admin Dashboard with data from the BackEnd\nThen pandemic hit, tried to master CSS, but still I am bad at this.\n5\n24",,,,,,
groosg_,Groosg\n\nÂ·\n2h\nit will never end\n1\n12,,,,,,
JaFu_py,Jacob\n\nÂ·\n3h\nIt took me like a day to get pasie python don but you keep learning in the programming world.\n3,,,,,,
CodeByKyle,Kyle Parkin\n\nÂ·\n4h\nStudied and learned full time for 6 months then a couple months after that to get a job. This was my experience.\n1\n6,,,,,,
HafeezHaqq,"Hafeez Al-Haqq\n\nÂ·\n7h\nDepending on what percentage, if 100% on \n@fullstackpython\n it took me 7 months to finish.\n\nMERN, on and off.\n\nSolidity, the estimated duration on each sections are mostly accurate.\n26",,,,,,
_DennisGriffin,"Dennis Griffin\n\nÂ·\n3h\nFirst language takes the longest. Each subsequent language is easier.\n\nInitially, a few months to get going, eventually, a few days for an entirely new language.\n\nThe key is to begin. Create tools for yourself and enjoy the process. If you like it, you'll get better fast.\n7",,,,,,
pranavjoshi2893,"Pranav Joshi\n\nÂ·\n12h\n9 months and still learning\nIn these months I learn\n1. Javascript Basics\n2. Advance Javascript\n3. Data structure and algorithm\n4. Linux commands\n5. HTTP,HTTPS and mailto protocol\n6. Node js and express framework\n7. API security(most time consuming)\n8. Mongodb\n84",,,,,,
achirinos,AsdrÃºbal Chirinos (Astro) \n\nÂ·\n3h\nAs developers we never stop learning.\nLearn the basics. \nLook for a project you can work on (Paid or not)\nStart you journey\n8,,,,,,
Microids_off,"Microids\n\n Missing the turn-based gameplay? \n\n Dive into Noob - The Factionless, the sensational JRPG now available in digital version! \nJoin the adventure today on Steam! \nsteampowered.com\nNoob - The Factionless\n29\n106\n242\n2M\nPromoted",,,,,,
joehannouch,"Joe Hannouch\n\nÂ·\n10h\nLearning how to program is pretty simple, it's the problem solving and logic that is an ongoing process, you never stop learning\n27",,,,,,
RenevanDijk20,uxunicorn\n\nÂ·\n2h\nTo start out as a jr web dev I would say a couple of months to half a year. The truth is the learning never stops and especially in the first years you will probably have to spend more time learning in your free time compared to devs with a degree.\n5,,,,,,
pankajbokdia,Pankaj Bokdia\n\nÂ·\n9h\nCurrently in the process of teaching myself flutterflow. Should take about 7 days. \n\nDid the same for Laravel and React few years ago and built the app for my startup. \n\nLOVE IT.\n155,,,,,,
AbhishekHolani6,"Abhishek Holani\n\nÂ·\n10h\nYou get an initial and bare minimum knowledge in about 4-6 months, later it is more about learning to optimise your work, make it more presentable and practicing and polishing as much as you can\n49",,,,,,
firacloudtech,"Yogen P\n\nÂ·\n3h\nTo become a pro? Forever. When one stops learning, one becomes obsolete. The learning doesn't stop.\n7",,,,,,
brokenPC0,"I-Dev \n\nÂ·\n12h\nTo learn a language it might take you 2 weeks, if you are serious. \n\nImplementing the logic, this is the hardest part about coding.\n44",14.0,14.0,14.0,,,
18Walz,"Alex Walz \n\nÂ·\n3h\nSo. Much. Time lol. I remember my first day on the job, I couldnt believe I was finally getting paid to build apps after doing it for free for so long \n10",,,,,,
aw_davis1,"Brooklyn\n\nÂ·\n6h\nA whole lot of time man, it take forever as youre always learning\n10",,,,,,
imvedanshmehra,"Vedansh Mehra\n\nÂ·\n11h\nThere is no specific timeline which fits all.\n\nEveryone is unique and has different learning capabilities, some learn quickly but find it difficult to understand the concepts from its root while others learn quite slowly but they grasp everything well.\n76",,,,,,
AlMohieddine,"Mohieddine AL hariri\n\nÂ·\n4h\nIt may differ for different languages and different specialty,\nBut It took me, about 2 years, and I still didn't do a real job\nI think 2 more concentrated months and I will be an official web developer\n10",,,,,,
fungames2023,Fun Games\n\nâ—† â—‡ â”â”â”â”â”â”â”â”â”â”\nIf you have a computer this game is a must-have!\nâ”â”â”â”â”â”â”â”â”â” â—‡ â—†\n\n Over 10 million downloads worldwide \n\nFight strong enemies with over 500 heroes and win!\nplarium.com\nClick Here To Download\n3\n19\n20.8K\nPromoted,,,,,,
serdar,"Serdar KÄ±lÄ±Ã§\n\nÂ·\n5h\nIf you want to keep learning, it never ends.\n13",,,,,,
umutkarakoc,"Umut KarakoÃ§\n\nÂ·\n10h\nit is never done, it is a progress. I'm improving myself for 19 years. I learned aspnet, unity, godot, rust vs. many things...\n50",,,,,,
CoderDrk,"DrkCoder\n\nÂ·\n4h\nPython ,3-4 months\nJavaScript 4-5 months\nHtml 1 month\nCss 2 months\nPhp and SQL 4 months \nI refollow everyone here , who are self taught programmers . \nIt is a great honour to meet my comrades .\n12",,,,,,
Brodfer7,"Brodfer\n\nÂ·\n8h\nTime is relative... Not everyone learns to the same pace, not everyone has the same base and not everyone has the same amount of time to devote everyday.\n21",,,,,,
andrejonker,"Andre \n\nÂ·\n6h\nIf youre a real developer, the learning never ends\n10",,,,,,
cristi_tulcea,"Cristian Baluta\n\nÂ·\n7h\nToo much, i look at the interns now and they can already navigate through a complex project\n11",,,,,,
SoulFireMage,"Richard Griffiths\n\nÂ·\n9h\n2/2 such different things, that various types of gaps may never be a issue, others may well be.\n27",,,,,,
AwabIsam1,"Awab || The Muslim Web Dev\n\nÂ·\n9h\n3 months should be enough to be able to handle tasks. \n\nHowever without experience and projects, you will suck.\n\nThats part of the process though.\n36",,,,,,
gosty93,"Giuliano Gostinfini\n\nÂ·\n4h\nA life time in my opinion  8years in the industry now, still learning\n9",,,,,,
TylerDuprey,Tyler Duprey\n\nÂ·\n3h\n3-6 months to be good enough for an entry level job. I assume it will take the rest of my career to feel like I have mastered it.\n2,,,,90.0,180.0,135.0
travelerdoor,"Traveler Door\n\nHere we have collected the top 40 AI-generated human photos of cartoon characters.\ntravelerdoor.com\nAI-Generated Human Photos of Cartoon Characters\n1\n5\n6,292\nPromoted",,,,,,
AdebajoEmmanu11,E.A Adebajo\n\nÂ·\n2h\nIt's relative. Time frame for self learning is largely dependent on discipline and focus.\n3,,,,,,
RishiNavneet,Navneet Kumar Singh\n\nÂ·\n6h\nIt's been 3 years so.. learnt only one thing and that is to never settle on one thing..\n18,,,,,,
antony,antony î¨€\n\nÂ·\n4h\n41 years.\n1\n39,,,,,,
dorutu13,"dorutu\n\nÂ·\n3h\nwith the right discipline I would say it will take you 3-6 months, but you need a specific road map\n3",,,,,,
AlhianeLahcen,"Alhiane\n\nÂ·\n6h\nDepends, took me 3 years to get full stack job developer\n1\n11",,,,1095.0,1095.0,1095.0
baroiSubhra,"Subhra Jyoti Baroi\n\nÂ·\n3h\nDepends on the tech stack you choose , you can learn fullstack web dev in about 6 months.\n6",180.0,180.0,180.0,,,
0xgemgem_eth,0xgemgem | NFT Artist | DM For Commissions\n\nÂ·\nJul 21\nA month or 2 to learn just some basics of web development so far(still under workk)\n1\n105,,,,,,
moon_cognito,MoonCognito \n\nÂ·\n4h\nIt depends : how good do you want to be ? What time are you willing to put into it ?\n6,,,,,,
Blaisemat6,Blaisemart\n\nÂ·\n4h\nThe real question should be what do you want to learn and what project/projects would you want to build with it?\n7,,,,,,
Asterisk_Me,"Dwarf\n\nÂ·\n6h\nIt's not over yet, still counting\n7",,,,,,
NufarmUSTurf,"Nufarm US Turf\n\nWhether your sights are on playability, density or color â€“ or the pressure is on to reduce time and labor â€“ Anuew EZ is ready to respond. Its the PGR youve come to rely on, now available in a new, easy liquid formulation.\nnufarm.com\nAnuew EZ PGR New Liquid Formula\n5\n5\n58\n1.1M\nPromoted",,,,,,
mirfan3053,DeveloperIrfan\n\nÂ·\n11h\nWell after all we are all on our own. It does take time but if you enjoy its just another fun activity. \n19,,,,,,
kwoggatv,Kwogga\n\nÂ·\n8h\nDoes what take? Cook an egg? Dye your hair? Fry a burger? Find a job as a developer? Acquire the skillset needed for position XYZ?\n20,,,,,,
BrianJanish,Brian Janish\n\nÂ·\n11h\nI lucked out. Still a developer at 57.\n48,,,,,,
Mukwende16,"Mukwende\n\nÂ·\n8h\nIts different for everyone, there are a lot of factors that determine that\n11",,,,,,
VIOLLENCE_HD,UNCENSORED RAGE\n\nÂ·\n4h\nI think it takes enuff to think that's the life one is living at that time... yeah\n7,,,,,,
glomyst,Afsah\n\nÂ·\n8h\n`commitment` is the \n8,,,,,,
JeesusBock,Jeesus Bock\n\nÂ·\n10h\n`Quite some` I learned programming for about 27 years before landing my first job!\n29,,,,,,
BETER_CALL_PAUL,BETTER CALL PAUL âœª\n\nÂ·\n8h\nAs long as it takes\n5,,,,,,
WhoHasNearChaos,"Eric Ruck\n\nÂ·\n10h\n35 years and counting. Always learning new stuff, largely on my own.\n1\n29",,,,,,
Samkhani786,Osama khan\n\nÂ·\n7h\nDepends on person's hardeork. I would say if you focus really then 1 year ore 1 and a half year is enough!!\n12,,,,,,
g123_en,"G123\n\n\nQueen's Blade 1st Anniversary\n\nOver 100 Beautiful Warriors\nOver 200 Beautiful Illustrations\n\nThe Beautiful Warrior Creed:\n\n1. Thou shalt not be attacked.\n2. Thy clothing shall not be torn.\n3. Thou shalt not whimper.\n\nâ–¼ Play now â™¡â™¡â™¡\ng123.jp\nGet 50 free summons now.\n253\n208\n1,112\n10.5M\nPromoted",,,,,,
vaibhav_t2,Vaibhav Tiwari\n\nÂ·\n19h\nPersonally for me ...I calculated 6 months but a beautiful year i spent on it and learned a lot.\n70,,,,,,
debjit012,Debjit B.\n\nÂ·\n11h\nIt depends on how motivated you are!\n41,,,,,,
derfremdeflo,FM\n\nÂ·\n7h\nTime. You cant develop your mind if you put a time limit on it I grows in its own way\n1\n14,,,,,,
TcChallenged,TechnicallyChallenged\n\nÂ·\n2h\nGot a job offer after 7 months - about 4 months full time study\n1,,,,210.0,210.0,210.0
Mouhib_Sahbani,Mouhib Sahbani \n\nÂ·\n3h\nTake about 5 months until i get my first freelance project\n5,,,,,,
BradyRyun,Brady Ryun \n\nÂ·\n10h\nIt took me over a year to find my first project and almost 3 years for a full time role.\n38,,,,,,
MrSabrou,"Abderrahim DEV\n\nÂ·\n8h\nFrom 0 to Frontend Developer, took me about 5 months.\n18",,,,,,
Mark_OO1,"Mark\n\nÂ·\n4h\nA lot brother, but patient is key in this process\n5",,,,,,
AyooluwaToluwa2,Just_ayooluwa\n\nÂ·\n9h\nA lot of time and mostly dedication and practice \n15,,,,,,
jaber_py,Jaber \n\nÂ·\n17h\nIm taking as long as i need. No need for rushing.\n43,,,,,,
imgix,"imgix\n\nDont put up with sub-par visual media processing. Try imgix free. Get robust image and video optimization, fast content delivery, and easy asset management in one package. Save time and cut your infrastructure cost today.\nimgix.com\nTry imgix free\n11\n253.1K\nPromoted",,,,,,
Aryan_2407,Aryan Parashar\n\nÂ·\n5h\nGet me the conclusion once u get it plz\n1\n8,,,,,,
ManssifB,Manssif\n\nÂ·\n11h\nIt took me six years to say I am a Software Engineer\n27,,,,,,
r3sgame,Crazed Corps\n\nÂ·\nJul 21\nLike a week before I started actually building (not very good) apps.\n54,,,,,,
Stephen_C_Tech,Stephen Cahillane\n\nÂ·\n23h\nI would say about a year if you focus hard\n1\n62,,,,,,
DevReliefFred,Fred Christianson\n\nÂ·\n6h\nThere's always more to learn.\n2\n21,,,,,,
kingkool68,Russell Heimlich\n\nÂ·\n5h\n20 years\n7,,,,,,
sulaikhafarvin,Sulaikha farvin\n\nÂ·\n2h\nIt took me 7 months and still counting\n4,,,,,,
superboyphast,"Phastboy\n\nÂ·\n4h\nThree years now, and I'm still learning\n4",,,,,,
Rob3rtWozny,Ariel î¨€\n\nÂ·\n22h\nIn some way everyone's a self-taught dev. How much for what? To learn something? To get a job?\n44,,,,,,
patric,@bsd.network\n@MirageComputing\nÂ·\n2h\nIt takes until you find a problem you can obsess over.\n4,,,,,,
imgix,imgix\n\nImage and video optimization shouldnt be cumbersome. Try imgix free. Get better #webperformance with less time and effort.\nimgix.com\nTry imgix free\n2\n20\n640.1K\nPromoted,,,,,,
dnlgrz91,Daniel â€œDannyâ€ Graziani\n\nÂ·\n8h\nProbably it depends on what are you trying to learn\n5,,,,,,
Michael25852319,Michael Cummings\n\nÂ·\n2h\nCouple decades and counting\n4,,,,,,
katzenzeitungen,"Aleksei K\n\nÂ·\n7h\ndoes what take?\n\nit's a continuous process, you get better each year\n7",,,,,,
rd21102004,Rahul Das\n\nÂ·\n5h\n2 years in full stack developer from 0 knowledge of programming\n4,,,,,,
dblockdotorg,"Daniel (dB.) Doubrovkine (parody of myself)\n\nÂ·\n4h\n30 years, still learning\n13",,,,,,
akshatmittal61,"Akshat Mittal\n\nÂ·\n4h\nThere is no peak point, it's always steps\n6",,,,,,
jgudan,Gugi\n\nÂ·\n9h\nWhole life! The same as for educated onesâ€¦\n10,,,,,,
LukasIrsak,"LukÃ¡Å¡ IrsÃ¡k\n\nÂ·\n23h\nLike whole life, i feel stupid every day for 14 years straight\n52",,,,,,
vkpdeveloper,Vaibhav Pathak\n\nÂ·\n8h\nIt's been 11 years but still going on....\n10,,,,,,
imranqhan,Imran Bhuwar Khan\n\nÂ·\n4h\nTbh everyone is self-taught after google was introduced\n4,,,,,,
SorobanOfficial,"Soroban\n\nIntroducing the Soroban Dapps Challenge, your gateway to building smart contracts in Rust.\n\nWatch the first workshop, designed to guide you through the creation and deployment of a sample crowdfunding dapp \n\nhttps://youtu.be/slm58GGDWQc?twclid=2-1hh2vuf1bxfnvttek94adesnv\n7\n32\n93\n115.8K\nPromoted",,,,,,
rrobindev,"Robin\n\nÂ·\n4h\nI started when I was 11, made my first 500 bucks at 12\n7",,,,,,
JoshFinne,Josh Finne\n\nÂ·\n5h\nTo land a job? 3-6 month.\n\nTo be good? It never ends.\n7,,,,,,
DhruvVa86396760,Dhruv Varshney\n\nÂ·\n5h\n2-4 months depending on your speed of learning.\n5,,,,,,
rupeshmalpani,Rupesh Malpani\n\nÂ·\n6h\nIt never ends\n7,,,,,,
Divine_js2,Divine \n\nÂ·\n6h\nIt took alot of time and failed projects\n9,,,,,,
its_Babadinho,Babadinho\n\nÂ·\n3h\nDepends on how fast you can escape tutorial hell.\n5,,,,,,
theabyssant,Suryanshu Mittal | The Abyssant\n\nÂ·\n9h\nTo do what?\n\nLearn a language\n\nTo Become a Developer\n13,,,,,,
ambi______,Onlyson\n\nÂ·\n5h\nLong enough\n6,,,,,,
adumansr,Adu\n\nÂ·\n6h\nalot i guess\n8,,,,,,
arthurdapaz,Arthur da Paz\n\nÂ·\n4h\nTook me my life. It is worth\n9,,,,,,
InvestingMag,Investing Magazine\n\nCustomers are finally sharing the brands behind the Kirkland label and Costco isn't happy\ninvesting.com\nAre These The Big Brands Hidden Behind Costcos Kirkland Label?\n57\n46\n211\n737.1K\nPromoted,,,,,,
teemulatti,Teemu LÃ¤tti\n\nÂ·\n7h\nTook me 35 years and still learning\n10,,,,,,
noorshcom,noorsh\n\nÂ·\n9h\nThe learning never stops.\n17,,,,,,
thomas_turrell,Thomas Turrell-Croft\n\nÂ·\n2h\nLearning takes a lifetime\n7,,,,,,
Steva_Stalker,Stevan DimitrijeviÄ‡\n\nÂ·\n5h\n2-3 years. 6-12 months for the start.\n4,,,,,,
JakeArkinstall,"Jake Arkinstall, PhD \n\nÂ·\nJul 21\n> 20 years, so far.\n51",,,,,,
CoderFadipe,Fadipe John Bolaji\n\nÂ·\n4h\nNever stopped\n3,,,,,,
MrPatStreater,THE OWL\n\nÂ·\n2h\nCouple beers.\n1\n6,,,,,,
_itsmeabhimanyu,Abhimanyu Singh\n\nÂ·\n8h\nGIF\nALT\n9,,,,,,
BmShacore,luwigy\n\nÂ·\n8h\nWe learn everyday for ever\n5,,,,,,
VGondepatil,Varad Gondepatil \n\nÂ·\n5h\nIts never ending process\n7,,,,,,
ListLuxur,LuxurList\n\nEver wonder how movies are able to pull off the impossible? These photos reveal all of the tricks that bring your favorite movies to life. \nluxurlist.com\nIncredible Behind The Scenes Photos That Reveal Movie Magic\n9\n18\n144\n572.3K\nPromoted,,,,,,
VecseiSzilvesz1,Vecsei Szilveszter\n\nÂ·\n8h\n1-3 years in most cases\n6,,,,,,
meezwhite,"ğ”ªğ”¢ğ”¢ğ”·ğ”´ğ”¥ğ”¦ğ”±ğ”¢ \n\nÂ·\n5h\n1 to 10,000 hours\n8",,,,,,
BadmanTobss,toby\n\nÂ·\n3h\nit never ends\n7,,,,,,
Marveken,Dev.Ken  Â©\n\nÂ·\n2h\n2 weeks ;)\n4,,,,,,
ajaniho,"Ajaniho\n\nÂ·\n4h\nTime, consistency and focus\n2",,,,,,
Mrs0lver,MrSolver\n\nÂ·\n9h\n50000 days \n1\n31,,,,,,
panditdhamdhere,Pandit  | panditdhamdhere.lens |\n\nÂ·\n12h\nIt's infinite learning journey\n45,,,,,,
shyam_tawli,Shyam Tawli | Frontend Developer\n\nÂ·\n4h\nA lot.\n10,,,,,,
rahuls_tweets,"Rahul Garg\n\nÂ·\n5h\nTime is relative\n\nHint :- Best, worst and average\n10",,,,,,
harryhing38,Harry H\n\nÂ·\n6h\nHow many hours a day do you dedicate to learning ?\n5,,,,,,
ZilkeeOfficial,"Zilkee\n\nRetrieve All Your Data with The Zilkee UltraRecovery Converter. USB 3.0, 2.0 & 1.1 Compatible. 1 Meter Cord Length. 6TB Storage Capacity. On & Off Switch For HDD Protection. Available in US, AU, UK, EU Plugs. Shop Online Now!\nzilkee.com\nShop now & Get 30% Off Today\n64\n173\n478\n637.5K\nPromoted",,,,,,
ZilkeeOfficial,"Zilkee\n\nRetrieve All Your Data with The Zilkee UltraRecovery Converter. USB 3.0, 2.0 & 1.1 Compatible. 1 Meter Cord Length. 6TB Storage Capacity. On & Off Switch For HDD Protection. Available in US, AU, UK, EU Plugs. Shop Online Now!\n0:55\nzilkee.com\nShop now & Get 30% Off Today\n64\n173\n478\n637.5K\nPromoted",,,,,,
HaaranenJarmo,Jarmo Haaranen\n\nÂ·\n3h\nLifetime\n5,,,,,,
nuelyoungtech,nuel\n\nÂ·\n9h\nfunny enough\nI don't even know\n13,,,,,,
luiztools,Luiz Duarte\n\nÂ·\n3h\nLifelong.\n2,,,,,,
AswaTaksaka,KarepeDewe\n\nÂ·\n5h\nNever ending \n4,,,,,,
MOHIT__002,MOHITTHAKUR\n\nÂ·\n9h\nRight now it's in progress \n10,,,,,,
MatthewCarven,Matthew Carven\n\nÂ·\n2h\nMany time\nMuch mistake\n3,,,,,,
milan_obrtlik,Milan ObrtlÃ­k\n\nÂ·\n4h\nAll of  it and still not complete.\n6,,,,,,
lucacicada,Luca\n\nÂ·\n4h\nA couple of lifetimes...\n3,,,,,,
ZilkeeOfficial,"Zilkee\n\nRetrieve All Your Data with The Zilkee UltraRecovery Converter. USB 3.0, 2.0 & 1.1 Compatible. 1 Meter Cord Length. 6TB Storage Capacity. On & Off Switch For HDD Protection. Available in US, AU, UK, EU Plugs. Shop Online Now!\n0:02 / 0:57\nzilkee.com\nShop now & Get 30% Off Today\n64\n173\n478\n637.5K\nPromoted",,,,,,
